<?xml version="1.0" encoding="UTF-8"?>
<project-private xmlns="http://www.netbeans.org/ns/project-private/1">
    <editor-bookmarks xmlns="http://www.netbeans.org/ns/editor-bookmarks/2" lastBookmarkId="0"/>
    <open-files xmlns="http://www.netbeans.org/ns/projectui-open-files/2">
        <group>
            <file>file:/C:/Users/ginav/Documents/NetBeansProjects/ProyectoFinal/src/Controlador/C_Reserva.java</file>
            <file>file:/C:/Users/ginav/Documents/NetBeansProjects/ProyectoFinal/src/Controlador/C_Cliente.java</file>
            <file>file:/C:/Users/ginav/Documents/NetBeansProjects/ProyectoFinal/src/Controlador/Control_Usuario.java</file>
            <file>file:/C:/Users/ginav/Documents/NetBeansProjects/ProyectoFinal/src/DAO/Cls_Excel.java</file>
            <file>file:/C:/Users/ginav/Documents/NetBeansProjects/ProyectoFinal/src/Controlador/C_Espacio.java</file>
            <file>file:/C:/Users/ginav/Documents/NetBeansProjects/ProyectoFinal/src/Vista/V_Login.java</file>
            <file>file:/C:/Users/ginav/Documents/NetBeansProjects/ProyectoFinal/src/Controlador/C_Login.java</file>
            <file>file:/C:/Users/ginav/Documents/NetBeansProjects/ProyectoFinal/src/Modelo/M_Login.java</file>
            <file>file:/C:/Users/ginav/Documents/NetBeansProjects/ProyectoFinal/src/Controlador/C_Vehículo.java</file>
            <file>file:/C:/Users/ginav/Documents/NetBeansProjects/ProyectoFinal/src/Modelo/M_Opciones.java</file>
            <file>file:/C:/Users/ginav/Documents/NetBeansProjects/ProyectoFinal/src/Vista/V_Opciones.java</file>
        </group>
    </open-files>
</project-private>
